{
  "shuffle": true,
  "subset": null,
  "min_freq": 75,
  "lower": true,
  "stem": false,
  "analyzer": "char_wb",
  "ngram_max_range": 4,
  "alpha": 0.0001,
  "learning_rate": 0.36684400216431984,
  "power_t": 0.16356335266342054,
  "num_epochs": 200,
  "threshold": 0.6883627394678911
}