{
  "overall": {
    "precision": 0.9202127659574467,
    "recall": 0.8125,
    "f1": 0.8377627132008676,
    "num_samples": 144.0
  },
  "class": {
    "computer-vision": {
      "precision": 1.0,
      "recall": 0.7222222222222222,
      "f1": 0.8387096774193548,
      "num_samples": 54.0
    },
    "mlops": {
      "precision": 1.0,
      "recall": 0.75,
      "f1": 0.8571428571428571,
      "num_samples": 12.0
    },
    "natural-language-processing": {
      "precision": 1.0,
      "recall": 0.8448275862068966,
      "f1": 0.9158878504672897,
      "num_samples": 58.0
    },
    "other": {
      "precision": 0.425531914893617,
      "recall": 1.0,
      "f1": 0.5970149253731344,
      "num_samples": 20.0
    }
  },
  "slices": {
    "nlp_cnn": {
      "precision": 1.0,
      "recall": 1.0,
      "f1": 1.0,
      "num_samples": 1
    },
    "short_text": {
      "precision": 0.8,
      "recall": 0.8,
      "f1": 0.8000000000000002,
      "num_samples": 5
    }
  }
}